model,ip_mode,after_task,task_category,accuracy_seen,macro_f1_seen,fpr_seen,detection_rate_seen,retention_rate,retention_normalised,task0_accuracy,task0_macro_f1,current_task_recall,next_task_recall_before_training,train_seconds,train_steps,ewc_stability_ratio,ewc_lambda,ewc_gamma,seed
xgboost_static,none,0,BruteForce,0.999992790298626,0.999802944543727,7.27685523424197e-06,1.0,1.0,1.0,0.999992790298626,0.999802944543727,1.0,0.0,4.726238250732422,1,,,,42
xgboost_static,none,1,DoS,0.8592052014645877,0.4973064724785719,9.812772304431448e-06,0.0366909361921687,1.0,1.0,0.999992790298626,0.999802944543727,0.0,0.0,0.0,0,,,,42
xgboost_static,none,2,WebAttack,0.872462097367483,0.5011332405593244,8.7415643903633e-06,0.036665711830421,1.0,1.0,0.999992790298626,0.999802944543727,0.0,0.001338688085676,0.0,0,,,,42
xgboost_static,none,3,Infiltration,0.8378695311335851,0.4804158237798312,3.108510324139914e-05,0.0253583670925521,1.0,1.0,0.999992790298626,0.999802944543727,0.001338688085676,0.0,0.0,0,,,,42
xgboost_static,none,4,Botnet,0.8509769759531908,0.4842689141583958,2.807736718527904e-05,0.0253223641986113,1.0,1.0,0.999992790298626,0.999802944543727,0.0,0.0,0.0,0,,,,42
xgboost_static,none,5,PortScan,0.797106893168159,0.4592173643604367,2.897151134717528e-05,0.0161350286266636,1.0,1.0,0.999992790298626,0.999802944543727,0.0,0.0,0.0,0,,,,42
xgboost_static,none,6,DDoS,0.7560670983609707,0.4427969432709528,2.870895815190867e-05,0.0126588432034068,1.0,1.0,0.999992790298626,0.999802944543727,0.0,,0.0,0,,,,42
gnn_naive,none,0,BruteForce,0.999992790298626,0.999802944543727,7.27685523424197e-06,1.0,1.0,1.0,0.999992790298626,0.999802944543727,1.0,0.0,14.746764659881592,970,,,,42
gnn_naive,none,1,DoS,0.999338086819549,0.998676327387538,0.0007604898535934,0.9999140056182996,1.0,1.0,0.9999855805972516,0.9996060414834552,0.9999107302267451,1.0,9.64859938621521,700,,,,42
gnn_naive,none,2,WebAttack,0.9988813129972468,0.9975664086246456,0.0007430329731808,0.9964193640790604,1.0,1.0,0.999992790298626,0.999802944543727,1.0,0.0,2.659700393676758,180,,,,42
gnn_naive,none,3,Infiltration,0.9590705599574996,0.9201591288221064,0.0061004515111245,0.784492832658149,0.54453125,0.54453125,0.9957751149947368,0.8509563876830346,0.930753316295485,0.0,4.717622995376587,340,,,,42
gnn_naive,none,4,Botnet,0.8472694622172537,0.4597215164014046,2.807736718527904e-05,0.0010696851235972,0.0,0.0,0.9907211143314444,0.4976694662045437,0.7534246575342466,0.0,2.7604851722717285,200,,,,42
gnn_naive,none,5,PortScan,0.9591816918107854,0.9335136962790986,0.0044616127474649,0.8192182814087788,0.54453125,0.54453125,0.9955804530576344,0.8461715654595184,1.0,0.0016697504400018,6.818552255630493,380,,,,42
gnn_naive,none,6,DDoS,0.959725611513556,0.9430358207735692,0.0032632515766002,0.8469174452859907,0.26796875,0.26796875,0.9932373001110294,0.7095062656140202,1.0,,3.479214668273926,200,,,,42
gnn_ewc_replay,none,0,BruteForce,0.999992790298626,0.999802944543727,7.27685523424197e-06,1.0,1.0,1.0,0.999992790298626,0.999802944543727,1.0,0.0,18.280458450317383,970,0.0099999997764825,,,42
gnn_ewc_replay,none,1,DoS,0.9992165964256688,0.9984325018910358,0.0007163323782234,0.9988247434500946,1.0,1.0,0.999992790298626,0.999802944543727,0.998779979765518,1.0,37.12880539894104,700,0.0163286905735731,,,42
gnn_ewc_replay,none,2,WebAttack,0.9990443758484956,0.9979222692868996,0.000747403755376,0.9976797479232312,1.0,1.0,0.999992790298626,0.999802944543727,1.0,0.0,9.303377389907835,180,0.0193552635610103,,,42
gnn_ewc_replay,none,3,Infiltration,0.9984386236564712,0.9971943913233272,0.0017835077984752,0.9995520411343096,1.0,1.0,0.999992790298626,0.999802944543727,0.9988438602896434,0.0,17.90133571624756,340,0.0233038198202848,,,42
gnn_ewc_replay,none,4,Botnet,0.9992775253906716,0.9986075455935272,0.0007861662811878,0.9996304724118482,1.0,1.0,0.9998630156738908,0.9962818342540728,0.9041095890410958,0.9999658434948936,11.704272270202637,200,0.0240159407258033,,,42
gnn_ewc_replay,none,5,PortScan,0.999348399362198,0.999005816405394,0.0007822308063737,0.9998512900587404,1.0,1.0,0.9999495320903808,0.9986238058879958,0.9999658434948936,1.0,22.69023633003235,380,0.0283967852592468,,,42
gnn_ewc_replay,none,6,DDoS,0.9994908056799184,0.999316044023861,0.0006284071951028,0.9998541607925876,1.0,1.0,0.999992790298626,0.999802944543727,1.0,,13.026936292648315,200,0.0355571061372756,,,42
ffnn_ewc_replay,none,0,BruteForce,0.9999639514931292,0.9990162448960817,3.638427617120985e-05,1.0,1.0,1.0,0.9999639514931292,0.9990162448960817,1.0,0.0,25.418811798095703,4740,0.0099999997764825,,,42
ffnn_ewc_replay,none,1,DoS,0.9998826989300468,0.9997649905726018,5.887663382658869e-05,0.999541363297598,1.0,1.0,0.9999495320903808,0.9986238058879958,0.9995238945426412,0.0,36.04539704322815,3390,0.0099999997764825,,,42
ffnn_ewc_replay,none,2,WebAttack,0.999772470440118,0.9995047499346464,0.0001267526836602,0.999112002291607,1.0,1.0,0.9998774350766392,0.9966706624495064,0.9166666666666666,0.0007301935012778,8.143853902816772,850,0.0131073994562029,,,42
ffnn_ewc_replay,none,3,Infiltration,0.9988176299473278,0.9978724009931988,0.001200662112699,0.9989093175444064,1.0,1.0,0.9990699485227322,0.9757785990954336,0.997991967871486,0.0,13.83586072921753,1670,0.0119582433253526,,,42
ffnn_ewc_replay,none,4,Botnet,0.9991407606498108,0.9983423453033898,0.0006527987870577,0.9979967714958088,1.0,1.0,0.9993583365776988,0.98303924552736,1.0,0.9909485261468046,7.509215354919434,980,0.020302040502429,,,42
ffnn_ewc_replay,none,5,PortScan,0.9992794063534896,0.9988996681822624,0.0005440206019636,0.998599648053139,1.0,1.0,0.9994592723969372,0.9856320226706494,0.9990094613519144,0.9804142786226816,18.426761627197266,1820,0.0282718371599912,,,42
ffnn_ewc_replay,none,6,DDoS,0.9993851238399016,0.9991737134684722,0.000475292751626,0.9989596803204572,1.0,1.0,0.999661144035414,0.9909002897684578,1.0,,9.859616994857788,970,0.035444650799036,,,42
ffnn_naive,none,0,BruteForce,0.9999639514931292,0.9990162448960817,3.638427617120985e-05,1.0,1.0,1.0,0.9999639514931292,0.9990162448960817,1.0,0.0,21.44721722602844,4740,,,,42
ffnn_naive,none,1,DoS,0.9945664468668046,0.98894730285764,6.868940613102014e-05,0.9632230694261308,0.0,0.0,0.9907283240328184,0.4976712854649099,0.9999107302267451,0.0,13.94531226158142,3390,,,,42
ffnn_naive,none,2,WebAttack,0.8764097352314355,0.5295829456546295,0.0001005279904891,0.0670867946147235,0.44765625,0.44765625,0.9948090150105984,0.8057674201321057,0.9583333333333334,0.0,3.419790506362915,850,,,,42
ffnn_naive,none,3,Infiltration,0.8911409709039786,0.7265150469990393,0.0002137100847846,0.34656435026488,0.534375,0.534375,0.9955516142521376,0.8434642713323908,0.9983570646221248,0.0,8.39051866531372,1670,,,,42
ffnn_naive,none,4,Botnet,0.847343790880765,0.4600902540999394,3.50967089815988e-06,0.0014197638913199,0.0,0.0,0.9907715822410637,0.4976822007503875,1.0,0.0,4.942110300064087,980,,,,42
ffnn_naive,none,5,PortScan,0.91156373931886,0.8372193803440429,0.0001480766135522,0.5716781916871143,0.0078125,0.0078125,0.9908076307479344,0.5054131369499576,0.9995218089285104,0.1476149645742136,7.197500705718994,1820,,,,42
ffnn_naive,none,6,DDoS,0.8790615452606498,0.8012046472298588,0.000695394764124,0.5125664783720455,0.00390625,0.00390625,0.9906706464218252,0.5014910019709228,1.0,,4.060998916625977,970,,,,42
gnn_replay,none,0,BruteForce,0.999992790298626,0.999802944543727,7.27685523424197e-06,1.0,1.0,1.0,0.999992790298626,0.999802944543727,1.0,0.0,24.009326934814453,970,,,,42
gnn_replay,none,1,DoS,0.9983158917813844,0.9966104556089016,3.434470306551007e-05,0.988677406409448,1.0,1.0,0.999992790298626,0.999802944543727,0.9882461465214544,1.0,37.36216163635254,700,,,,42
gnn_replay,none,2,WebAttack,0.9973644492647004,0.9942170186962684,7.430329731808805e-05,0.980578630764824,1.0,1.0,0.999992790298626,0.999802944543727,1.0,0.0,9.612072944641112,180,,,,42
gnn_replay,none,3,Infiltration,0.9990962157679576,0.9983717744529316,0.0007382712019832,0.998266593954503,1.0,1.0,0.999956741791755,0.9988199496386384,0.9948277960326152,0.0,17.56338882446289,340,,,,42
gnn_replay,none,4,Botnet,0.9991556263825132,0.9983730832219074,0.000923043446216,0.99959157477099,1.0,1.0,0.9997548701532782,0.9933845538813008,1.0,0.9999658434948936,8.857815742492676,200,,,,42
gnn_replay,none,5,PortScan,0.9993509546588168,0.9990097559572676,0.0007951070336391,0.9999132525342652,1.0,1.0,0.9999711611945034,0.999212691837611,0.9999658434948936,1.0,14.009934902191162,380,,,,42
gnn_replay,none,6,DDoS,0.9995148242799224,0.9993482933443696,0.00060288812119,0.9998736060202424,1.0,1.0,0.999992790298626,0.999802944543727,1.0,,8.65035605430603,200,,,,42
gnn_joint,none,0,BruteForce,0.999992790298626,0.999802944543727,7.27685523424197e-06,1.0,1.0,1.0,0.999992790298626,0.999802944543727,1.0,0.0,11.312974214553831,970,,,,42
gnn_joint,none,1,DoS,0.9971303131100704,0.9942049279254026,4.415747536994152e-05,0.9806225993235108,1.0,1.0,0.999992790298626,0.999802944543727,0.9798845444265905,1.0,21.44326043128968,1670,,,,42
gnn_joint,none,2,WebAttack,0.9984565911521338,0.9966248481909774,4.807860414699815e-05,0.9886565454024636,1.0,1.0,0.999992790298626,0.999802944543727,0.9583333333333334,0.0,30.617006301879883,1850,,,,42
gnn_joint,none,3,Infiltration,0.9957369890703656,0.9922568757532912,0.0007266142882677,0.9780110626363352,1.0,1.0,0.9999855805972516,0.9996060414834552,0.931422660338323,0.0,29.500338315963745,2190,,,,42
gnn_joint,none,4,Botnet,0.9965600694527031,0.9933009809175476,0.0001193288105374,0.978158974658187,1.0,1.0,0.999992790298626,0.999802944543727,0.684931506849315,0.9999658434948936,33.0266695022583,2390,,,,42
gnn_joint,none,5,PortScan,0.9968365427858866,0.9951482465819882,0.0005504587155963,0.9867772077230028,1.0,1.0,0.999992790298626,0.999802944543727,0.9999658434948936,0.996615370729726,43.38738679885864,2770,,,,42
gnn_joint,none,6,DDoS,0.9970192917395232,0.9959822059913536,0.0005614196260817,0.989645416273711,1.0,1.0,0.999992790298626,0.999802944543727,1.0,,47.33811068534851,2970,,,,42
ffnn_joint,none,0,BruteForce,0.9999639514931292,0.9990162448960817,3.638427617120985e-05,1.0,1.0,1.0,0.9999639514931292,0.9990162448960817,1.0,0.0,27.522976398468018,4740,,,,42
ffnn_joint,none,1,DoS,0.999953917436804,0.999907684737934,3.925108921772579e-05,0.9999140056182996,1.0,1.0,0.9999711611945034,0.999212691837611,0.9999107302267451,0.0,48.531336069107056,8130,,,,42
ffnn_joint,none,2,WebAttack,0.99991657249471,0.9998183862653032,2.185391097590825e-05,0.9995130335147522,1.0,1.0,0.9999783708958776,0.999409290640789,0.9166666666666666,0.0003650967506389,44.05348062515259,8970,,,,42
ffnn_joint,none,3,Infiltration,0.999484940168836,0.9990715225762148,0.0003535930493709,0.9986755998753506,1.0,1.0,0.9998558059725168,0.9960876440837568,0.997991967871486,0.0,32.85416841506958,10640,,,,42
ffnn_joint,none,4,Botnet,0.9996105178032016,0.9992482591773836,0.0002737543300564,0.9989692125172608,1.0,1.0,0.9998341768683942,0.9955059672016012,1.0,0.9796085664514806,34.36834979057312,11610,,,,42
ffnn_joint,none,5,PortScan,0.9997700233043052,0.9996487046316244,0.0001094479317559,0.999306020274122,1.0,1.0,0.9999711611945034,0.999212691837611,0.9992485568876592,0.9991876889751342,41.18487477302551,13430,,,,42
ffnn_joint,none,6,DDoS,0.9997814307399652,0.999706212838204,9.888641141212986e-05,0.99941664317035,1.0,1.0,0.9999783708958776,0.999409290640789,1.0,,50.95601224899292,14400,,,,42
gnn_ewc,none,0,BruteForce,0.999992790298626,0.999802944543727,7.27685523424197e-06,1.0,1.0,1.0,0.999992790298626,0.999802944543727,1.0,0.0,34.04493021965027,970,0.1000000014901161,100.0,0.9,42
gnn_ewc,none,1,DoS,0.9993674120870374,0.998734866191238,0.0007261451505279,0.9999140056182996,1.0,1.0,0.9999855805972516,0.9996060414834552,0.9999107302267451,1.0,41.03736639022827,700,0.1609840244054794,100.0,0.9,42
gnn_ewc,none,2,WebAttack,0.9987637560579744,0.99731980248401,0.0014248749956292,1.0,1.0,1.0,0.999062738821358,0.9755998215163032,1.0,0.0,11.089110374450684,180,0.241125226020813,100.0,0.9,42
gnn_ewc,none,3,Infiltration,0.989170786065526,0.9809633907777028,0.0129391742242323,0.9997468058585228,1.0,1.0,0.9921414255021556,0.8486940930168181,0.9993915054156018,0.0,20.53427243232727,340,0.2209123224020004,100.0,0.9,42
gnn_ewc,none,4,Botnet,0.8707959707918084,0.5988135140545344,5.264506347239819e-05,0.1551043429216018,0.0,0.0,0.9907283240328184,0.4976712854649099,0.9041095890410958,0.0,12.16695523262024,200,0.1988429278135299,100.0,0.9,42
gnn_ewc,none,5,PortScan,0.972034833803508,0.9555988532823664,0.0045066795428939,0.8817260267182194,1.0,1.0,0.9993583365776988,0.98303924552736,1.0,0.0235118913308362,23.45607089996338,380,0.251578152179718,100.0,0.9,42
gnn_ewc,none,6,DDoS,0.996286724439406,0.9950286851625312,0.0043733312918074,0.9982985425801872,1.0,1.0,0.9995169500079308,0.9871258941460144,1.0,,10.867249250411987,200,0.2919723987579345,100.0,0.9,42
xgboost_static,none,0,BruteForce,0.999992790298626,0.999802944543727,7.27685523424197e-06,1.0,1.0,1.0,0.999992790298626,0.999802944543727,1.0,0.0,5.228821516036987,1,,,,43
xgboost_static,none,1,DoS,0.8592052014645877,0.4973064724785719,9.812772304431448e-06,0.0366909361921687,1.0,1.0,0.999992790298626,0.999802944543727,0.0,0.0,0.0,0,,,,43
xgboost_static,none,2,WebAttack,0.872462097367483,0.5011332405593244,8.7415643903633e-06,0.036665711830421,1.0,1.0,0.999992790298626,0.999802944543727,0.0,0.001338688085676,0.0,0,,,,43
xgboost_static,none,3,Infiltration,0.8378695311335851,0.4804158237798312,3.108510324139914e-05,0.0253583670925521,1.0,1.0,0.999992790298626,0.999802944543727,0.001338688085676,0.0,0.0,0,,,,43
xgboost_static,none,4,Botnet,0.8509769759531908,0.4842689141583958,2.807736718527904e-05,0.0253223641986113,1.0,1.0,0.999992790298626,0.999802944543727,0.0,0.0,0.0,0,,,,43
xgboost_static,none,5,PortScan,0.797106893168159,0.4592173643604367,2.897151134717528e-05,0.0161350286266636,1.0,1.0,0.999992790298626,0.999802944543727,0.0,0.0,0.0,0,,,,43
xgboost_static,none,6,DDoS,0.7560670983609707,0.4427969432709528,2.870895815190867e-05,0.0126588432034068,1.0,1.0,0.999992790298626,0.999802944543727,0.0,,0.0,0,,,,43
gnn_naive,none,0,BruteForce,0.9999855805972516,0.9996060414834552,1.455371046848394e-05,1.0,1.0,1.0,0.9999855805972516,0.9996060414834552,1.0,0.0,12.423512935638428,970,,,,43
gnn_naive,none,1,DoS,0.9993757907348912,0.9987515933464916,0.0007163323782234,0.9999140056182996,1.0,1.0,0.999992790298626,0.999802944543727,0.9999107302267451,1.0,8.03378176689148,700,,,,43
gnn_naive,none,2,WebAttack,0.9941449059923702,0.9870166835956332,6.99325151229064e-05,0.9562303065024348,0.715625,0.715625,0.9973756686998024,0.9164607220879176,1.0,0.0,1.7925841808319092,180,,,,43
gnn_naive,none,3,Infiltration,0.9631683630167605,0.9283378208473354,0.0042120314892095,0.7996650046743534,0.26796875,0.26796875,0.9932373001110294,0.7095062656140202,0.9992089570402825,0.0,3.701927900314331,340,,,,43
gnn_naive,none,4,Botnet,0.8467134838141902,0.4619784723277254,0.0011301140292074,0.0035396853180854,0.0,0.0,0.9907571628383152,0.4976785623746025,0.6575342465753424,0.0,1.92871642112732,200,,,,43
gnn_naive,none,5,PortScan,0.9388364201316488,0.8960920602925542,0.0046547561564461,0.7212927850893499,0.27265625,0.27265625,0.9926965725079668,0.7021370955775368,1.0,0.0,4.717588186264038,380,,,,43
gnn_naive,none,6,DDoS,0.9579794592932768,0.9404047045642844,0.0032504920396438,0.8398102145780871,1.0,1.0,0.9999855805972516,0.9996060414834552,1.0,,2.3277087211608887,200,,,,43
gnn_ewc_replay,none,0,BruteForce,0.9999855805972516,0.9996060414834552,1.455371046848394e-05,1.0,1.0,1.0,0.9999855805972516,0.9996060414834552,1.0,0.0,10.638643980026243,970,0.0099999997764825,,,43
gnn_ewc_replay,none,1,DoS,0.9993632227631104,0.9987265029107656,0.0007310515366801,0.9999140056182996,1.0,1.0,0.999992790298626,0.999802944543727,0.9999107302267451,1.0,25.10531044006348,700,0.0157114546746015,,,43
gnn_ewc_replay,none,2,WebAttack,0.999067128804484,0.997975417810882,0.0010621000734291,0.9999140647378976,1.0,1.0,0.999992790298626,0.999802944543727,1.0,0.0,7.231935024261475,180,0.0147883724421262,,,43
gnn_ewc_replay,none,3,Infiltration,0.9983608787762956,0.9970540077432068,0.0017718508847597,0.9990261763789342,1.0,1.0,0.9999855805972516,0.9996060414834552,0.9972009249117684,0.0,13.54698920249939,340,0.0219956338405609,,,43
gnn_ewc_replay,none,4,Botnet,0.998775063625336,0.9976427833629432,0.0014249263846529,0.9998833070774258,1.0,1.0,0.9997188216464074,0.9924261548671413,0.9863013698630136,0.9999658434948936,9.21229600906372,200,0.0200518928468227,,,43
gnn_ewc_replay,none,5,PortScan,0.998300727748477,0.9974076810842556,0.0014904233059713,0.9974967159887972,1.0,1.0,0.9999855805972516,0.9996060414834552,0.9999658434948936,0.0025271898551378,25.850741147994995,380,0.0255937334150075,,,43
gnn_ewc_replay,none,6,DDoS,0.9994523759199124,0.9992643527180642,0.0006060780054291,0.9996305406745548,1.0,1.0,0.999992790298626,0.999802944543727,1.0,,13.893953561782835,200,0.0268766246736049,,,43
ffnn_ewc_replay,none,0,BruteForce,0.999992790298626,0.999802944543727,7.27685523424197e-06,1.0,1.0,1.0,0.999992790298626,0.999802944543727,1.0,0.0,27.6188223361969,4740,0.0099999997764825,,,43
ffnn_ewc_replay,none,1,DoS,0.999912024197535,0.9998237785175,8.34085645876673e-05,0.9998853408243996,1.0,1.0,0.999956741791755,0.9988199496386384,0.9998809736356604,0.0,31.55086898803711,3390,0.010000011883676,,,43
ffnn_ewc_replay,none,2,WebAttack,0.9996966272534908,0.9993397467161822,0.0001923144165879,0.9989687768547694,1.0,1.0,0.9998125477642716,0.9949256271338842,0.9583333333333334,0.0007301935012778,10.271397590637209,850,0.0124534172937273,,,43
ffnn_ewc_replay,none,3,Infiltration,0.9994331102487188,0.9989781227400318,0.0003924494284226,0.9985587410408228,1.0,1.0,0.9997044022436592,0.9920438170993676,0.9972009249117684,0.0,14.9862380027771,1670,0.0129531929269433,,,43
ffnn_ewc_replay,none,4,Botnet,0.9991021097447852,0.998268289598721,0.0007405405595117,0.9982301573409572,1.0,1.0,0.999228561952964,0.9797452758102112,1.0,0.9911876216825496,8.734843969345093,980,0.0123408865183591,,,43
ffnn_ewc_replay,none,5,PortScan,0.9991925262684492,0.9987668005200896,0.0005408015451472,0.9981659107244653,1.0,1.0,0.9995169500079308,0.9871258941460144,0.9991802438774464,0.9850625028205244,17.756027460098267,1820,0.0201919618993997,,,43
ffnn_ewc_replay,none,6,DDoS,0.9994043387199046,0.9991995035556868,0.000443393909235,0.9989402350928024,1.0,1.0,0.99965393433404,0.99071020849644,1.0,,9.875904321670532,970,0.0243760552257299,,,43
ffnn_naive,none,0,BruteForce,0.999992790298626,0.999802944543727,7.27685523424197e-06,1.0,1.0,1.0,0.999992790298626,0.999802944543727,1.0,0.0,23.327080965042114,4740,,,,43
ffnn_naive,none,1,DoS,0.9944826603882664,0.9887763224707088,0.0001079404953487,0.9628790918993292,0.0,0.0,0.9906850658245736,0.4976603697050472,0.999553651133726,0.0,14.375076532363892,3390,,,,43
ffnn_naive,none,2,WebAttack,0.8721738932582992,0.4993395093821924,6.11909507325431e-05,0.0348324262389,0.0,0.0,0.9907211143314444,0.4976694662045437,0.9166666666666666,0.0,3.5718843936920166,850,,,,43
ffnn_naive,none,3,Infiltration,0.8893917111000252,0.7206231982864064,0.0004390770832847,0.3371766905578062,0.39453125,0.39453125,0.9940952545745556,0.7746211785318704,0.9983570646221248,0.0,7.429427623748779,1670,,,,43
ffnn_naive,none,4,Botnet,0.8473348714411436,0.4602413619544924,4.211605077791855e-05,0.0015753544547523,0.0,0.0,0.9907571628383152,0.4976785623746025,1.0,0.0,4.808444976806641,980,,,,43
ffnn_naive,none,5,PortScan,0.9135645365714052,0.8417089803152884,0.0001802671817157,0.5815054403053511,0.0,0.0,0.9907571628383152,0.4976785623746025,0.9995218089285104,0.728868631255923,8.409088611602783,1820,,,,43
ffnn_naive,none,6,DDoS,0.8889740214822358,0.8209623327813573,0.0004051152983658,0.5518069477798412,0.0,0.0,0.9906273882135802,0.4976458146205778,1.0,,7.1040120124816895,970,,,,43
gnn_replay,none,0,BruteForce,0.9999855805972516,0.9996060414834552,1.455371046848394e-05,1.0,1.0,1.0,0.9999855805972516,0.9996060414834552,1.0,0.0,1429.9954636096954,970,,,,43
gnn_replay,none,1,DoS,0.999162135214619,0.9983232729711604,0.0007163323782234,0.9984521011293928,1.0,1.0,0.999992790298626,0.999802944543727,0.998393144081414,1.0,33.105236291885376,700,,,,43
gnn_replay,none,2,WebAttack,0.9973341119900494,0.994151026465114,0.0001092695548795,0.980578630764824,1.0,1.0,0.9999855805972516,0.9996060414834552,1.0,0.0,10.910615682601929,180,,,,43
gnn_replay,none,3,Infiltration,0.9983220063362076,0.9969719149769432,0.0007848988568453,0.9938454347148644,1.0,1.0,0.9999855805972516,0.9996060414834552,0.9936108068638188,0.0,14.789973735809326,340,,,,43
gnn_replay,none,4,Botnet,0.9985609970744238,0.9972229520052616,0.000923043446216,0.995701810685182,1.0,1.0,0.9998053380628974,0.9947324767106256,0.9863013698630136,0.9999658434948936,8.787657499313354,200,,,,43
gnn_replay,none,5,PortScan,0.9989318860133284,0.9983682485080404,0.0005987445678416,0.9971249411356482,1.0,1.0,0.9999855805972516,0.9996060414834552,0.9999658434948936,0.0059569475156821,18.031003713607788,380,,,,43
gnn_replay,none,6,DDoS,0.9994932075399188,0.9993192413656544,0.0006060780054291,0.9997958251096224,1.0,1.0,0.9999711611945034,0.999212691837611,1.0,,9.362499475479126,200,,,,43
gnn_joint,none,0,BruteForce,0.9999855805972516,0.9996060414834552,1.455371046848394e-05,1.0,1.0,1.0,0.9999855805972516,0.9996060414834552,1.0,0.0,17.560827255249023,970,,,,43
gnn_joint,none,1,DoS,0.9993757907348912,0.9987515933464916,0.0007163323782234,0.9999140056182996,1.0,1.0,0.999992790298626,0.999802944543727,0.9999107302267451,1.0,31.71547269821167,1670,,,,43
gnn_joint,none,2,WebAttack,0.9993401642763422,0.9985661061393016,0.0006687296758627,0.9993984531652822,1.0,1.0,0.999992790298626,0.999802944543727,0.9166666666666666,0.0,33.84602379798889,1850,,,,43
gnn_joint,none,3,Infiltration,0.9958633245006512,0.9924881822153292,0.000711071736647,0.9786927391710812,1.0,1.0,0.9999855805972516,0.9996060414834552,0.9336740903005964,0.0,44.29368305206299,2190,,,,43
gnn_joint,none,4,Botnet,0.9961319363508788,0.9924724501225948,0.0005229409638258,0.9775949588657448,1.0,1.0,0.999992790298626,0.999802944543727,0.6575342465753424,0.9999658434948936,43.09098172187805,2390,,,,43
gnn_joint,none,5,PortScan,0.999527270125516,0.9992785578135364,0.0005858683405762,0.9999628225146852,1.0,1.0,0.9999855805972516,0.9996060414834552,0.9999658434948936,1.0,55.092124462127686,2770,,,,43
gnn_joint,none,6,DDoS,0.9995796744999328,0.999435378707508,0.000539090436408,0.999941664317035,1.0,1.0,0.999992790298626,0.999802944543727,1.0,,57.63399386405945,2970,,,,43
ffnn_joint,none,0,BruteForce,0.999992790298626,0.999802944543727,7.27685523424197e-06,1.0,1.0,1.0,0.999992790298626,0.999802944543727,1.0,0.0,24.50055956840515,4740,,,,43
ffnn_joint,none,1,DoS,0.9999204028453887,0.9998405160541076,1.9625544608862896e-05,0.999570028091498,1.0,1.0,0.9999783708958776,0.999409290640789,0.999553651133726,0.0,43.38877820968628,8130,,,,43
ffnn_joint,none,2,WebAttack,0.999927948972704,0.999843149870466,1.311234658554495e-05,0.9995416786021196,1.0,1.0,0.9999855805972516,0.9996060414834552,0.9166666666666666,6.0849458439819885e-05,48.97563099861145,8970,,,,43
ffnn_joint,none,3,Infiltration,0.9995529669389897,0.9991945470614187,0.0004351914453795,0.9994936117170458,1.0,1.0,0.9997837089587748,0.9941539118364172,0.9988438602896434,0.0,57.3132061958313,10640,,,,43
ffnn_joint,none,4,Botnet,0.9996432224151464,0.999311420854007,0.0002667349882601,0.9991442519011222,1.0,1.0,0.9999351126876324,0.99823197219935,1.0,0.9859275198961642,63.12906455993652,11610,,,,43
ffnn_joint,none,5,PortScan,0.999667811439552,0.999492610598859,0.0001995815226138,0.9991573103328624,1.0,1.0,0.9998630156738908,0.9962818342540728,0.9991802438774464,0.9975179385351324,76.49501967430115,13430,,,,43
ffnn_joint,none,6,DDoS,0.999762215859962,0.999680400013342,0.0001339751380422,0.9994458110118324,1.0,1.0,0.9999423223890066,0.9984278134671444,1.0,,84.73102498054504,14400,,,,43
gnn_ewc,none,0,BruteForce,0.9999855805972516,0.9996060414834552,1.455371046848394e-05,1.0,1.0,1.0,0.9999855805972516,0.9996060414834552,1.0,0.0,34.180763721466064,970,0.1000000014901161,100.0,0.9,43
gnn_ewc,none,1,DoS,0.9987809067372708,0.9975577836851754,0.0007212387643757,0.995872269678381,1.0,1.0,0.999992790298626,0.999802944543727,0.9957150508837708,1.0,43.06713581085205,700,0.1621173918247223,100.0,0.9,43
gnn_ewc,none,2,WebAttack,0.9983504106908556,0.9964167838939242,0.0013156054407496,0.9961615582927528,1.0,1.0,0.999105997029603,0.9766744646981572,1.0,0.0,11.158833980560305,180,0.2164233475923538,100.0,0.9,43
gnn_ewc,none,3,Infiltration,0.9955199512798752,0.9919993445152456,0.0050863000178739,0.9985587410408228,0.946875,0.946875,0.999235771654338,0.978858567781872,0.9998174516246804,0.0,20.60122394561768,340,0.2406399697065353,100.0,0.9,43
gnn_ewc,none,4,Botnet,0.9825387103679566,0.9652629932942002,0.0038395799625869,0.9070540871696132,0.5140625,0.5140625,0.9953425329122868,0.8341994086479897,0.7534246575342466,1.0,12.227764129638672,200,0.2195955514907837,100.0,0.9,43
gnn_ewc,none,5,PortScan,0.9874943783474386,0.9808123037314592,0.0062900370191533,0.9635660643914046,1.0,1.0,0.9997332410491556,0.9928090758677012,1.0,0.0,23.284812927246094,380,0.2003401815891266,100.0,0.9,43
gnn_ewc,none,6,DDoS,0.9947447303191592,0.9929835718813098,0.0067561748184158,0.9993194170320748,1.0,1.0,0.9994809015010598,0.9861911707333412,1.0,,12.472421169281006,200,0.2750864028930664,100.0,0.9,43
xgboost_static,none,0,BruteForce,0.999992790298626,0.999802944543727,7.27685523424197e-06,1.0,1.0,1.0,0.999992790298626,0.999802944543727,1.0,0.0,8.973022937774658,1,,,,44
xgboost_static,none,1,DoS,0.8592052014645877,0.4973064724785719,9.812772304431448e-06,0.0366909361921687,1.0,1.0,0.999992790298626,0.999802944543727,0.0,0.0,0.0,0,,,,44
xgboost_static,none,2,WebAttack,0.872462097367483,0.5011332405593244,8.7415643903633e-06,0.036665711830421,1.0,1.0,0.999992790298626,0.999802944543727,0.0,0.001338688085676,0.0,0,,,,44
xgboost_static,none,3,Infiltration,0.8378695311335851,0.4804158237798312,3.108510324139914e-05,0.0253583670925521,1.0,1.0,0.999992790298626,0.999802944543727,0.001338688085676,0.0,0.0,0,,,,44
xgboost_static,none,4,Botnet,0.8509769759531908,0.4842689141583958,2.807736718527904e-05,0.0253223641986113,1.0,1.0,0.999992790298626,0.999802944543727,0.0,0.0,0.0,0,,,,44
xgboost_static,none,5,PortScan,0.797106893168159,0.4592173643604367,2.897151134717528e-05,0.0161350286266636,1.0,1.0,0.999992790298626,0.999802944543727,0.0,0.0,0.0,0,,,,44
xgboost_static,none,6,DDoS,0.7560670983609707,0.4427969432709528,2.870895815190867e-05,0.0126588432034068,1.0,1.0,0.999992790298626,0.999802944543727,0.0,,0.0,0,,,,44
gnn_naive,none,0,BruteForce,0.999992790298626,0.999802944543727,7.27685523424197e-06,1.0,1.0,1.0,0.999992790298626,0.999802944543727,1.0,0.0,16.672026872634888,970,,,,44
gnn_naive,none,1,DoS,0.9988898291593704,0.9977764111681446,0.0006967068336146,0.9964742303502838,1.0,1.0,0.999992790298626,0.999802944543727,0.9963399392965542,1.0,14.521990776062012,700,,,,44
gnn_naive,none,2,WebAttack,0.9956769383622422,0.990472449318026,0.000266617713906,0.9690919507304496,0.99921875,0.99921875,0.999992790298626,0.9998027919690512,1.0,0.0,3.683939695358277,180,,,,44
gnn_naive,none,3,Infiltration,0.9625755583054209,0.9275992693340188,0.0058362281335726,0.8042419756933624,0.50546875,0.50546875,0.9954218396274026,0.8342543919261753,0.9950103444079348,0.0,6.1616504192352295,340,,,,44
gnn_naive,none,4,Botnet,0.8472694622172537,0.4598369916547123,4.913539257423831e-05,0.0011863780461714,0.0,0.0,0.9906850658245736,0.4976603697050472,0.6575342465753424,0.0,4.303820371627808,200,,,,44
gnn_naive,none,5,PortScan,0.913038145467926,0.8426470755259223,0.0036085626911314,0.5921505936005155,0.54453125,0.54453125,0.9954939366411444,0.8440856311902227,1.0,0.0,8.548325061798096,380,,,,44
gnn_naive,none,6,DDoS,0.9866216397978594,0.981825160733881,0.0037066454858353,0.957142718248374,0.9984375,0.9984375,0.9999783708958776,0.9994083759071536,1.0,,4.129268169403076,200,,,,44
gnn_ewc_replay,none,0,BruteForce,0.999992790298626,0.999802944543727,7.27685523424197e-06,1.0,1.0,1.0,0.999992790298626,0.999802944543727,1.0,0.0,19.25943088531494,970,0.0099999997764825,,,44
gnn_ewc_replay,none,1,DoS,0.9993674120870374,0.998734866191238,0.0007261451505279,0.9999140056182996,1.0,1.0,0.9999855805972516,0.9996060414834552,0.9999107302267451,1.0,33.75209641456604,700,0.0182842873036861,,,44
gnn_ewc_replay,none,2,WebAttack,0.9990936739198034,0.998029573197234,0.0007299206265953,0.9979375537095388,1.0,1.0,0.9999855805972516,0.9996060414834552,1.0,0.0,9.063865423202516,180,0.0188935808837413,,,44
gnn_ewc_replay,none,3,Infiltration,0.9990962157679576,0.9983722306390698,0.0008082126842763,0.9986171704580866,1.0,1.0,0.9999855805972516,0.9996060414834552,0.995923086284532,0.0,19.4191312789917,340,0.0177499819546937,,,44
gnn_ewc_replay,none,4,Botnet,0.9990664319862996,0.9982021114312856,0.0010844883075314,0.9999027558978548,1.0,1.0,0.9997332410491556,0.9928090758677012,0.9863013698630136,0.9999658434948936,10.258938074111938,200,0.0167920738458633,,,44
gnn_ewc_replay,none,5,PortScan,0.9994276135573816,0.999126601979586,0.0007017543859649,0.9999256450293702,1.0,1.0,0.9999711611945034,0.999212691837611,0.9999658434948936,1.0,20.70758891105652,380,0.0214120242744684,,,44
gnn_ewc_replay,none,6,DDoS,0.9994956093999192,0.9993225317915188,0.0006507363847765,0.999941664317035,1.0,1.0,0.9999783708958776,0.999409290640789,1.0,,10.225696563720703,200,0.0256004072725772,,,44
ffnn_ewc_replay,none,0,BruteForce,0.9999855805972516,0.9996060414834552,1.455371046848394e-05,1.0,1.0,1.0,0.9999855805972516,0.9996060414834552,1.0,0.0,29.443208694458008,4740,0.0099999997764825,,,44
ffnn_ewc_replay,none,1,DoS,0.999815669747216,0.9996306994712314,9.812772304431448e-05,0.9993120449463968,1.0,1.0,0.999920693284884,0.9978407424173714,0.9992858418139616,0.0,48.83805537223816,3390,0.0099999997764825,,,44
ffnn_ewc_replay,none,2,WebAttack,0.9982480223889086,0.9962074487225868,0.001997447463198,0.9998567745631624,1.0,1.0,0.997945235108362,0.9493931124096746,1.0,0.0009735913350371,18.18889260292053,850,0.0145848272368311,,,44
ffnn_ewc_replay,none,3,Infiltration,0.9988176299473278,0.9978725332429476,0.0012162046643197,0.9989872234340916,1.0,1.0,0.9989113350925004,0.9718756456815814,0.9976877205792868,0.0,32.07718896865845,1670,0.016580069437623,,,44
ffnn_ewc_replay,none,4,Botnet,0.99787122707704,0.995909962442144,0.0023093634509892,0.9988719684151156,1.0,1.0,0.996928667214604,0.9278909250439864,1.0,0.9937493595655292,57.06934690475464,980,0.0194948147982358,,,44
ffnn_ewc_replay,none,5,PortScan,0.9992512980906824,0.9988567212309364,0.0005536777724126,0.9985005080922992,1.0,1.0,0.9994232238900664,0.9847029053693682,0.9990436178570208,0.988988672774042,66.60415720939636,1820,0.0275453198701143,,,44
ffnn_ewc_replay,none,6,DDoS,0.9992890494398864,0.9990446872960066,0.0005805589315163,0.9988916220236648,1.0,1.0,0.999574627618924,0.9886288021785896,1.0,,36.82001805305481,970,0.0331610143184661,,,44
ffnn_naive,none,0,BruteForce,0.9999855805972516,0.9996060414834552,1.455371046848394e-05,1.0,1.0,1.0,0.9999855805972516,0.9996060414834552,1.0,0.0,74.25618886947632,4740,,,,44
ffnn_naive,none,1,DoS,0.9945371215993164,0.9888885958617024,0.0001030341091965,0.9632230694261308,0.0,0.0,0.9907139046300704,0.497667646931,0.9999107302267451,0.0,66.6244306564331,3390,,,,44
ffnn_naive,none,2,WebAttack,0.8695535111603249,0.4805283094584743,0.000170460505612,0.015754798052134,0.0125,0.0125,0.9907283240328184,0.5098106210159472,0.9583333333333334,0.0,10.55496096611023,850,,,,44
ffnn_naive,none,3,Infiltration,0.8884231394678362,0.7169917097249792,0.0003807925147071,0.3310610782175132,0.3375,0.3375,0.9936770918948538,0.746542546352605,0.9985396129974444,0.0,19.402847051620483,1670,,,,44
ffnn_naive,none,4,Botnet,0.847337844587684,0.4600884561768081,1.0529012694479638e-05,0.0014197638913199,0.0,0.0,0.9907715822410637,0.4976822007503875,1.0,0.0,11.335485935211182,980,,,,44
ffnn_naive,none,5,PortScan,0.9122868882619894,0.8388484057524095,0.0001609528408176,0.575234837782239,0.0,0.0,0.9907427434355668,0.4976749239461104,0.9993510264029783,0.4998871790243242,20.55176615715027,1820,,,,44
ffnn_naive,none,6,DDoS,0.9106171819456989,0.8618282953612959,0.0007177239537977,0.6403702371345512,0.00390625,0.00390625,0.9906273882135802,0.5014625232461761,1.0,,9.41757583618164,970,,,,44
gnn_replay,none,0,BruteForce,0.999992790298626,0.999802944543727,7.27685523424197e-06,1.0,1.0,1.0,0.999992790298626,0.999802944543727,1.0,0.0,30.300461530685425,970,,,,44
gnn_replay,none,1,DoS,0.998856314567955,0.9977093927624012,0.0007261451505279,0.9964169007624836,1.0,1.0,0.9999855805972516,0.9996060414834552,0.9962804261143844,1.0,45.55634450912476,700,,,,44
gnn_replay,none,2,WebAttack,0.9976564455332156,0.9949091771142724,0.001708975838316,0.9934975651675738,1.0,1.0,0.9990699485227322,0.9757785990954336,1.0,0.0,11.905677795410156,180,,,,44
gnn_replay,none,3,Infiltration,0.9950437638887988,0.991001568435373,0.0012472897675611,0.97645294484263,1.0,1.0,0.9999855805972516,0.9996060414834552,0.926676402580017,0.0,22.80959987640381,340,,,,44
gnn_replay,none,4,Botnet,0.99807042789525,0.9962917799158976,0.0021373895769793,0.9992220471828384,1.0,1.0,0.9991276261337256,0.9772135715372496,0.684931506849315,1.0,12.80033540725708,200,,,,44
gnn_replay,none,5,PortScan,0.998847561224907,0.9982427210442114,0.0013101561242555,0.9994547302153816,1.0,1.0,0.9999783708958776,0.999409290640789,1.0,1.0,24.52270698547364,380,,,,44
gnn_replay,none,6,DDoS,0.9989287704398286,0.998561927280611,0.0012791435798794,0.9995624823777624,1.0,1.0,0.9999855805972516,0.9996060414834552,1.0,,12.746220111846924,200,,,,44
gnn_joint,none,0,BruteForce,0.999992790298626,0.999802944543727,7.27685523424197e-06,1.0,1.0,1.0,0.999992790298626,0.999802944543727,1.0,0.0,31.35972023010254,970,,,,44
gnn_joint,none,1,DoS,0.9993716014109644,0.9987432296698106,0.0007212387643757,0.9999140056182996,1.0,1.0,0.999992790298626,0.999802944543727,0.9999107302267451,1.0,56.66372680664063,1670,,,,44
gnn_joint,none,2,WebAttack,0.9994160074629695,0.9987311980746576,0.0006643588936676,0.999942709825265,1.0,1.0,0.999992790298626,0.999802944543727,0.9583333333333334,0.0,67.27139568328857,1850,,,,44
gnn_joint,none,3,Infiltration,0.9959702237108928,0.9926839742514229,0.0007033004608366,0.979296509816142,1.0,1.0,0.9999855805972516,0.9996060414834552,0.9353778751369112,0.0,73.49730277061462,2190,,,,44
gnn_joint,none,4,Botnet,0.9959446281188308,0.9920930618664536,0.0002246189374822,0.9747165334422468,1.0,1.0,0.999992790298626,0.999802944543727,0.6575342465753424,0.9999658434948936,82.82565069198608,2390,,,,44
gnn_joint,none,5,PortScan,0.9994914959728526,0.9992238555535992,0.0005601158860453,0.999690187622376,1.0,1.0,0.999992790298626,0.999802944543727,0.9999658434948936,1.0,94.62689566612244,2770,,,,44
gnn_joint,none,6,DDoS,0.9971826182195492,0.9961994819141148,8.6126874455726e-05,0.9888578845536834,1.0,1.0,0.999992790298626,0.999802944543727,1.0,,115.90576362609865,2970,,,,44
ffnn_joint,none,0,BruteForce,0.9999855805972516,0.9996060414834552,1.455371046848394e-05,1.0,1.0,1.0,0.9999855805972516,0.9996060414834552,1.0,0.0,55.599873065948486,4740,,,,44
ffnn_joint,none,1,DoS,0.9999581067607308,0.9999160700558156,1.9625544608862896e-05,0.9998280112365991,1.0,1.0,0.9999783708958776,0.999409290640789,0.9998214604534904,0.0,108.39341974258424,8130,,,,44
ffnn_joint,none,2,WebAttack,0.9999089881760472,0.9998018759257854,2.62246931710899e-05,0.9994843884273849,1.0,1.0,0.9999855805972516,0.9996060414834552,0.9166666666666666,0.0001825483753194,118.4688515663147,8970,,,,44
ffnn_joint,none,3,Infiltration,0.9995853606390628,0.9992524940464718,0.0002758802912674,0.9988898410719852,1.0,1.0,0.9999351126876324,0.99823197219935,0.9986004624558842,0.0,123.98863863945007,10640,,,,44
ffnn_joint,none,4,Botnet,0.9995956520704992,0.9992193864100284,0.0002316382792785,0.9986385825699672,1.0,1.0,0.9998990641807616,0.997255026989772,1.0,0.9544010656829592,133.13777995109558,11610,,,,44
ffnn_joint,none,5,PortScan,0.999711251482072,0.9995589068888152,0.0001287622726541,0.9990953478573376,1.0,1.0,0.9999423223890066,0.9984278134671444,0.9992827133927656,0.9885373888713388,150.56508946418762,13430,,,,44
ffnn_joint,none,6,DDoS,0.9997646177199624,0.999683614859425,0.0001116459483685,0.9993874753288674,1.0,1.0,0.9999639514931292,0.9990162448960817,1.0,,159.13277411460876,14400,,,,44
gnn_ewc,none,0,BruteForce,0.999992790298626,0.999802944543727,7.27685523424197e-06,1.0,1.0,1.0,0.999992790298626,0.999802944543727,1.0,0.0,35.61268854141235,970,0.1000000014901161,100.0,0.9,44
gnn_ewc,none,1,DoS,0.9987976640329784,0.9975992749216052,0.0013934136672292,0.9999140056182996,1.0,1.0,0.9990987873282288,0.9764950273922356,0.9999107302267451,1.0,42.27825880050659,700,0.1863511353731155,100.0,0.9,44
gnn_ewc,none,2,WebAttack,0.9983769558061752,0.9964750847053144,0.0013330885695304,0.9964766542537956,1.0,1.0,0.9990987873282288,0.9764950273922356,1.0,0.0,10.919834852218628,180,0.2179249078035354,100.0,0.9,44
gnn_ewc,none,3,Infiltration,0.995630089860124,0.9922013006487872,0.0051912122413136,0.9997468058585228,1.0,1.0,0.9999783708958776,0.999409290640789,0.9993915054156018,0.0,20.6334490776062,340,0.2156286239624023,100.0,0.9,44
gnn_ewc,none,4,Botnet,0.9973420069928408,0.994901390480822,0.0029797105925377,0.9991248030806932,0.99921875,0.99921875,0.9995385791120532,0.9876791199420878,1.0,0.9970283840557436,12.163844108581545,200,0.2035305052995681,100.0,0.9,44
gnn_ewc,none,5,PortScan,0.9962897093094566,0.994370024190786,0.0046515370996298,0.9999132525342652,1.0,1.0,0.9995529985148016,0.9880641474438976,1.0,0.9977887088767544,23.61903929710388,380,0.208010658621788,100.0,0.9,44
gnn_ewc,none,6,DDoS,0.9965773494994524,0.9954198907456626,0.0044084200184375,0.9995819276054174,1.0,1.0,0.9998774350766392,0.9966706624495064,1.0,,12.30667209625244,200,0.2104184627532959,100.0,0.9,44
