model,ip_mode,after_task,task_category,accuracy_seen,current_task_recall,detection_rate_seen,ewc_gamma,ewc_lambda,ewc_stability_ratio,fpr_seen,macro_f1_seen,next_task_recall_before_training,retention_normalised,retention_rate,task0_accuracy,task0_macro_f1,train_seconds,train_steps
xgboost_static,none,0,BruteForce,0.0,0.0,0.0,,,,0.0,0.0,0.0,0.0,0.0,0.0,0.0,0.5342651791470578,0.0
xgboost_static,none,1,DoS,0.0,0.0,0.0,,,,0.0,0.0,0.0,0.0,0.0,0.0,0.0,0.0,0.0
xgboost_static,none,2,WebAttack,0.0,0.0,0.0,,,,0.0,0.0,0.0,0.0,0.0,0.0,0.0,0.0,0.0
xgboost_static,none,3,Infiltration,0.0,0.0,0.0,,,,0.0,0.0,0.0,0.0,0.0,0.0,0.0,0.0,0.0
xgboost_static,none,4,Botnet,0.0,0.0,0.0,,,,0.0,0.0,0.0,0.0,0.0,0.0,0.0,0.0,0.0
xgboost_static,none,5,PortScan,0.0,0.0,0.0,,,,0.0,0.0,0.0,0.0,0.0,0.0,0.0,0.0,0.0
xgboost_static,none,6,DDoS,0.0,0.0,0.0,,,,0.0,0.0,,0.0,0.0,0.0,0.0,0.0,0.0
gnn_naive,none,0,BruteForce,8.325046058281559e-06,0.0,0.0,,,,8.402588656687077e-06,0.00022710052391382415,0.0,0.0,0.0,8.325046058281559e-06,0.00022710052391382415,1.459592282997306,0.0
gnn_naive,none,1,DoS,0.000270073337656008,0.00018897973460347235,0.00018204589121956642,,,,0.00028534477778791435,0.00036016453911483665,0.0,0.0,0.0,0.0,0.0,0.40059796167928946,0.0
gnn_naive,none,2,WebAttack,0.03443066090394702,0.0,0.16794811454843714,,,,0.00030810139425461433,0.051826851981826884,0.0,0.0,0.0,0.0,0.0007223608289792428,0.1332240393129932,0.0
gnn_naive,none,3,Infiltration,0.043162534937314555,0.0020034170175434614,0.2102309225685339,,,,0.0004447994784309662,0.0940605536568429,0.0,0.0,0.0,7.630030745242124e-05,0.0007146818346143822,0.18891681543596886,0.0
gnn_naive,none,4,Botnet,0.00016756347229668442,0.13857525941089968,0.00010711575057447988,,,,0.00017955434239130195,0.03990620047249765,0.0,0.0,0.0,0.00013215600914066533,3.3351786451998597e-05,0.18823081669101766,0.0
gnn_naive,none,5,PortScan,0.00030619164499806926,0.0,0.022792356819528643,,,,0.00038572754907491763,0.0022013452405937745,0.0,0.0,0.0,0.0002489522864573441,6.28444606725141e-05,0.24526353530692357,0.0
gnn_naive,none,6,DDoS,0.02051769023285771,0.0,0.13521669069656578,,,,0.00215947466920523,0.016549122360581422,,0.0,0.0,0.00015817587510780632,0.0006228268108881671,0.04385042168017693,0.0
gnn_ewc_replay,none,0,BruteForce,8.325046058281559e-06,0.0,0.0,,,0.0,8.402588656687077e-06,0.00022710052391382415,0.0,0.0,0.0,8.325046058281559e-06,0.00022710052391382415,0.6060042525715411,0.0
gnn_ewc_replay,none,1,DoS,0.0002703439685609971,0.0020702405566670684,0.0019942814924999563,,,0.0013219218243299747,3.538045369806418e-05,0.006302648664630912,0.0,0.0,0.0,4.16252302927699e-06,0.00011368203485217666,4.389828587326563,0.0
gnn_ewc_replay,none,2,WebAttack,0.00032623592106242373,0.0,0.0008434506940325356,,,0.003520942053069423,0.00028285411530758295,0.067242734313461,0.0,0.0,0.0,8.325046058257523e-06,0.00011053100678212357,1.465502503238993,0.0
gnn_ewc_replay,none,3,Infiltration,0.00014844658262516615,0.0008634049999510135,0.0002658615771975334,,,0.0015021552836615645,0.00012508696657495598,0.03560696008770471,0.0,0.0,0.0,9.573802967050234e-05,0.00012645456740155195,1.344675787329309,0.0
gnn_ewc_replay,none,4,Botnet,0.0018224305058907766,0.1710958355725588,0.011805070864752461,,,0.0010065557525216777,2.1348494633018903e-05,0.019935828505754788,0.0,0.0,0.0,3.251034413940438e-05,0.00011954620331902036,0.671054877451096,0.0
gnn_ewc_replay,none,5,PortScan,0.0017340438160389085,1.9720267417721743e-05,8.93635530636832e-05,,,0.0014285721528304455,0.00033327733320592166,0.00769420582408716,0.0,0.0,0.0,7.293329538857615e-05,0.00012358195157098436,1.042072321788809,0.0
gnn_ewc_replay,none,6,DDoS,0.0046104579126644936,0.0,0.0059008577038920035,,,0.002679002622341034,7.039460938503361e-05,0.019556148623520446,,0.0,0.0,6.003276086768929e-05,0.00011773622386623456,0.6743635250399941,0.0
ffnn_ewc_replay,none,0,BruteForce,4.162523029252953e-06,0.0,0.0,,,0.0,4.2012943283435384e-06,0.00011368203485215262,0.0,0.0,0.0,4.162523029252953e-06,0.00011368203485215262,3.077143563135199,0.0
ffnn_ewc_replay,none,1,DoS,8.34716879003347e-05,4.54539436901903e-05,4.378619594261473e-05,,,0.0050715045127046,9.077919356267254e-05,0.0001872501986732543,0.0,0.0,0.0,7.941587788618071e-05,0.00013260257597878065,3.2702049593231988,0.0
ffnn_ewc_replay,none,2,WebAttack,0.0005387135726828098,0.04166666666666667,9.208107286344365e-05,,,0.0068629225759011345,0.0006119459294263999,0.09039050023255323,0.0,0.0,0.0,0.0005105330677205507,0.00012888825839229366,2.9337667769355846,0.0
ffnn_ewc_replay,none,3,Infiltration,0.0004957506289619999,0.0018359334731862472,0.0006354028115257173,,,0.00791606892476304,0.0006979489770184463,0.018058711277068637,0.0,0.0,0.0,0.0007575677557167678,0.0003002656994389911,1.3585062593916681,0.0
ffnn_ewc_replay,none,4,Botnet,8.116926016007267e-05,0.0,0.0002389911065881534,,,0.00447384564887389,4.765059554297874e-05,0.0166596390271493,0.0,0.0,0.0,9.600911477086623e-05,2.4232265497636982e-05,1.258141514460722,0.0
ffnn_ewc_replay,none,5,PortScan,0.00012992705456523797,0.0002517715201637378,0.00030590475263053045,,,0.0040267485838859285,0.00012301402854070223,0.02124007313608903,0.0,0.0,0.0,4.995027634986563e-05,1.2607093686270211e-05,8.044992779671226,0.0
ffnn_ewc_replay,none,6,DDoS,0.0004596430473293325,0.0,0.0001604476783304573,,,0.005554347307645612,0.00011538095412736008,0.020426536437634157,,0.0,0.0,0.00010472696173335997,2.6432674645992676e-05,1.3311951687534271,0.0
ffnn_naive,none,0,BruteForce,4.162523029252953e-06,0.0,0.0,,,,4.2012943283435384e-06,0.00011368203485215262,0.0,0.0,0.0,4.162523029252953e-06,0.00011368203485215262,5.411576923671781,0.0
ffnn_naive,none,1,DoS,0.00037070980013655265,0.0035151003138900127,0.003386127992563954,,,,0.00014738226496319656,0.0005126404968762444,0.0,0.0,0.0,0.00013755233542657103,3.471378635874582e-05,0.8904218700713676,0.0
ffnn_naive,none,2,WebAttack,0.0003430873941717328,0.024056261216234432,0.006355595474795953,,,,0.0002867557356888976,0.015784637335388218,0.0,0.0,0.0,0.0002713313744611603,0.00034353766190203176,0.24040351501239046,0.0
ffnn_naive,none,3,Infiltration,0.00018796721856552555,0.00010539435363085149,0.006461758188372529,,,,0.00023219734639418426,0.0015569183812535509,0.0,0.0,0.0,0.00035484135530566363,0.0007002768772780835,0.324484454860821,0.0
ffnn_naive,none,4,Botnet,7.866206357408379e-06,0.0,0.0,,,,9.285716380211738e-06,0.0026688415194129744,0.0,0.0,0.0,4.1625230291968665e-06,1.050312423193951e-06,0.2854149517276116,0.0
ffnn_naive,none,5,PortScan,0.00010209467981588898,0.00013804187192429258,0.05100166603632892,,,,2.1108767179473305e-05,0.08418330584871304,0.0,0.0,0.0,1.50081902168601e-05,3.786999606949165e-06,1.0428504461060912,0.0
ffnn_naive,none,6,DDoS,0.022757168392038143,0.0,0.18988021995424076,,,,0.0002539382943787685,0.024200930262394667,,0.0,0.0,4.907542274484219e-05,1.2384111106856688e-05,0.17522811883793082,0.0
gnn_replay,none,0,BruteForce,8.325046058281559e-06,0.0,0.0,,,,8.402588656687077e-06,0.00022710052391382415,0.0,0.0,0.0,8.325046058281559e-06,0.00022710052391382415,1.9572760682026757,0.0
gnn_replay,none,1,DoS,0.00013503666882791983,0.0008938541842453372,0.0008279776636622393,,,,1.577182485018662e-05,0.008916481276560483,0.0,0.0,0.0,0.0,0.0,5.627815656288868,0.0
gnn_replay,none,2,WebAttack,0.0008503573800958592,0.0,0.009703471375737458,,,,0.0005415950016158641,0.06348361564181851,0.0,0.0,0.0,4.16252302927699e-06,0.00011368203485217666,1.6146200002106812,0.0
gnn_replay,none,3,Infiltration,0.00028043167093537094,0.00030016325071904925,0.0004675705718300135,,,,0.00024562641346727933,0.02177708487918097,0.0,0.0,0.0,8.039167271640916e-05,0.00013263970817307141,2.8283121550142383,0.0
gnn_replay,none,4,Botnet,0.014650597738381317,0.023726723391354513,0.09634816674453435,,,,0.00023111478222043676,0.009155294398905929,0.0,0.0,0.0,9.788569188835241e-05,0.00011784531923544038,2.203592365983624,0.0
gnn_replay,none,5,PortScan,0.007085417464913547,1.972026741780988e-05,0.03762528865975049,,,,0.000319844249829957,0.023242973552819117,0.0,0.0,0.0,7.595891733972926e-05,0.00012885152922274267,5.160528394985037,0.0
gnn_replay,none,6,DDoS,0.005777030212647865,0.0,0.00632545016398054,,,,0.0004966633711810792,0.015705584930485964,,0.0,0.0,7.002447589957946e-05,0.000129553447861334,1.466076779296294,0.0
gnn_joint,none,0,BruteForce,8.325046058281559e-06,0.0,0.0,,,,8.402588656687077e-06,0.00022710052391382415,0.0,0.0,0.0,8.325046058281559e-06,0.00022710052391382415,2.0449779071691534,0.0
gnn_joint,none,1,DoS,0.0002439539402524885,0.000867716346288965,0.0008358790211944515,,,,0.0003286302181681825,0.006915231617409855,0.0,0.0,0.0,0.0,0.0,3.7828542817200637,0.0
gnn_joint,none,2,WebAttack,1.3317625896995875e-05,0.0,3.307649780510416e-05,,,,1.0999560642083406e-05,0.009299414073132653,0.0,0.0,0.0,0.0,0.0,3.660264037312646,0.0
gnn_joint,none,3,Infiltration,2.107666001081654e-05,7.026290242050891e-05,2.9750803047167956e-05,,,,2.2094672413815917e-05,0.006564397732726547,0.0,0.0,0.0,4.16252302927699e-06,0.00011368203485217666,3.5804870349542326,0.0
gnn_joint,none,4,Botnet,6.138905670356452e-05,0.1423603403481269,0.00019674414954189942,,,,6.880506680676975e-05,0.022255631744887126,0.0,0.0,0.0,4.16252302927699e-06,0.00011368203485217666,4.9451022297339104,0.0
gnn_joint,none,5,PortScan,0.0020745593858967045,1.9720267417769817e-05,0.01081409767661464,,,,0.00024009503100972879,0.007098345276277647,0.0,0.0,0.0,4.16252302927699e-06,0.0001131605232686524,9.414723692362745,0.0
gnn_joint,none,6,DDoS,0.002750060475656129,0.0,0.005922159993823077,,,,6.085911247324356e-05,0.015187112277312648,,0.0,0.0,4.162523029252953e-06,1.050335046865981e-06,5.925294021232085,0.0
ffnn_joint,none,0,BruteForce,4.162523029252953e-06,0.0,0.0,,,,4.2012943283435384e-06,0.00011368203485215262,0.0,0.0,0.0,4.162523029252953e-06,0.00011368203485215262,3.58829876764394,0.0
ffnn_joint,none,1,DoS,2.8516138472084754e-05,0.00021933924881972812,0.00021129148643685107,,,,2.8327033657300003e-06,3.9335770104282355e-05,0.0,0.0,0.0,0.0,0.0,11.90085713846942,0.0
ffnn_joint,none,2,WebAttack,4.1771170088132466e-05,0.024056261216234456,0.00024023194166737668,,,,1.311234658554495e-05,0.012458436354426861,0.0,0.0,0.0,2.2026001523544155e-05,5.558026878715017e-06,12.256087159271452,0.0
ffnn_joint,none,3,Infiltration,0.0004704601794310778,0.0001858981661983254,0.00026870003748023053,,,,0.000617853082796756,0.07723628515769776,0.0,0.0,0.0,0.0006952908815104968,0.000175584160128358,13.941049989045409,0.0
ffnn_joint,none,4,Botnet,0.00012816756214251927,0.0,0.0005624487679625137,,,,5.326535071711632e-05,0.011164717421413882,0.0,0.00045105489780436947,0.00045105489780436947,2.5994947985356087e-05,0.0001145604494005865,19.90026445245552,0.0
ffnn_joint,none,5,PortScan,0.0006863576187632288,0.011787722836153605,9.83623805139569e-05,,,,4.18889882417511e-05,0.020686326466838146,0.0,0.00045105489780436947,0.00045105489780436947,2.9137661204111366e-05,0.00010712632032030627,18.437733867750566,0.0
ffnn_joint,none,6,DDoS,0.0005710385318906303,0.0,6.805829679254074e-05,,,,6.844017868354649e-05,0.01182153962632039,,0.0,0.0,2.2026001523429077e-05,0.00022629186544222485,10.274722646186502,0.0
gnn_ewc,none,0,BruteForce,8.325046058281559e-06,0.0,0.0,0.0,0.0,0.0,8.402588656687077e-06,0.00022710052391382415,0.0,0.0,0.0,8.325046058281559e-06,0.00022710052391382415,1.3141047367592704,0.0
gnn_ewc,none,1,DoS,0.0019390069057181871,0.00030539793128877326,0.00029419259527868586,0.0,0.0,0.02605387986829062,2.469493541650939e-05,0.14248159565387192,0.0,0.3667151216799629,0.3667151216799629,0.0033842003413818576,0.21043807098748285,0.8276669055117106,0.0
gnn_ewc,none,2,WebAttack,0.012733703445187719,0.0,0.008270248975760952,0.0,0.0,0.0390730959314252,0.0002428833873465906,0.109718787678132,0.0,0.2805561464343338,0.2805561464343338,0.0025890893241334173,0.18880750128072937,0.4689484973534349,0.0
gnn_ewc,none,3,Infiltration,0.019032756959085694,0.0018268354629342011,0.10554320771704208,0.0,0.0,0.02972494784525718,0.0007945852418083536,0.03321699233825292,0.0,0.05096920345189665,0.05096920345189665,0.0004870151944110176,0.046842990676041765,0.7823990238089341,0.0
gnn_ewc,none,4,Botnet,0.033270964578300886,0.055362354579827106,0.2433586913504765,0.0,0.0,0.01401868565847007,0.002041929826278117,0.12143282715433942,0.0,0.0,0.0,0.0001666569426789828,0.00116172737717977,1.0930258701598266,0.0
gnn_ewc,none,5,PortScan,0.008514616435946589,0.0,0.02150244081947498,0.0,0.0,0.004318018232267592,0.00631789168310561,0.07137128419904051,0.0,0.17126014549478763,0.17126014549478763,0.0017007918324693438,0.13159702710915963,0.38856761268020684,0.0
gnn_ewc,none,6,DDoS,0.0005007537297717586,0.0,0.007956950169858168,0.0,0.0,0.018898572270478833,0.0005937756234263292,0.0009539583123982441,,0.0,0.0,7.209701374161215e-06,0.0003799528148046835,0.18237279634863995,0.0
